stop_id;stop_code;stop_name;stop_desc;stop_lat;stop_lon;zone_id;stop_url;location_type;parent_station;stop_timezone;wheelchair_boarding
1508057;;Circunvalación / 16 1/2 Ote;;-3541727018;-7163721621;;;0;;;0
1508061;;Circunvalación / 15 1/2 Ote;;-3541614226;-7163836957;;;0;;;0
2644929;;Colin /O´Higgnis;;-3544951412;-7169028371;;;0;;;0
2644930;;Colin / Colin;;-3545214893;-7169008576;;;0;;;0
2644931;;Colin / Río Claro;;-3545205966;-7169039984;;;0;;;0
2644932;;Colin / O´Higgnis;;-3544919298;-716905246;;;0;;;0
2644933;;Colin / Veintiocho Sur;;-3544753496;-7168959078;;;0;;;0
2644934;;Terminal Taxual s.a;;-3545924115;-7169419169;;;0;;;0
2644935;;Dos Sur / Tres Poniente;;-3542797338;-7166908454;;;0;;;0
2644936;;Dos Sur;;-3542819941;-7166758536;;;0;;;0
2644937;;Dos Sur / 1 Oriente;;-3542835602;-7166565564;;;0;;;0
2644938;;Dos Sur / Dos Ote;;-3542830782;-7166480602;;;0;;;0
2644939;;Dos Sur / Dos Ote;;-3542845103;-716644973;;;0;;;0
2644941;;1 Oriente / 1 Sur;;-354267706;-7166540567;;;0;;;0
2644943;;Dos Sur / Tres Oriente;;-354284927;-7166235222;;;0;;;0
2644944;;Dos Sur / Cuatro Oriente;;-3542865891;-7166173998;;;0;;;0
2645009;;Dos Sur / 5 Oriente;;-354287231;-7165957882;;;0;;;0
2645028;;Dos Sur / 6 Oriente;;-3542893507;-7165877887;;;0;;;0
2645029;;Dos Sur / Ocho Oriente;;-3542931845;-7165631824;;;0;;;0
2645030;;Dos Sur / Siete Oriente;;-3542876427;-716567033;;;0;;;0
2645107;;Avenida Isidoro del Solar / Cuatro norte;;-3542157754;-7167025246;;;0;;;0
2645108;;Dos Sur / Nueve Oriente;;-3542917214;-7165405117;;;0;;;0
2645109;;Dos Sur / 10 Oriente;;-3542943881;-7165251745;;;0;;;0
2645110;;Once Oriente / Estación de Tren Talca;;-3542953833;-7165031309;;;0;;;0
2645111;;Estación Talca;;-3542960194;-7164938271;;;0;;;0
2645112;;Once Oriente / Uno Sur;;-3542887168;-7165029335;;;0;;;0
2645113;;Once Oriente / Dos Sur;;-3542910294;-7165044574;;;0;;;0
2645114;;Once Oriente / Uno Sur;;-3542774073;-7165031186;;;0;;;0
2645117;;Dos Norte / Doce Ote;;-3542631181;-7164820831;;;0;;;0
2645118;;Uno Sur / Catorce Ote;;-3542880414;-7164474704;;;0;;;0
2645119;;Catorce Oriente / Uno Sur;;-3542852334;-7164509863;;;0;;;0
2645120;;Avenida San Miguel / INACAP;;-3543142795;-7163853987;;;0;;;0
2645176;;Diez Oriente / Seis Norte;;-3541998019;-7165089598;;;0;;;0
2711738;;Cuatro Norte / 5 Ote;;-3542277078;-7165848197;;;0;;;0
2711739;;Cuatro Norte / 7 Oriente;;-3542225626;-7165624443;;;0;;;0
2711740;;Cuatro Norte / Tres Oriente;;-354218192;-7166234346;;;0;;;0
2711741;;Cuatro Norte / Dos Poniente;;-3542141801;-7166794927;;;0;;;0
2711742;;Cuatro Norte / Diecinueve 1/2 Sur C;;-354212538;-7167001297;;;0;;;0
2711744;;Cuatro Norte / Cárcel de Talca;;-3542213333;-7166791052;;;0;;;0
2711745;;Calle 1 Poniente / Cuatro Norte;;-3542250224;-7166630119;;;0;;;0
2711746;;Cuatro Norte / Uno Ote;;-3542229704;-7166524514;;;0;;;0
2711747;;Cuatro Norte / Cuatro Ote;;-3542258557;-7166119849;;;0;;;0
2727697;;Diez Oriente / Siete Norte;;-3541916123;-7165057832;;;0;;;0
2727702;;Diez Nte / Los Robles;;-3541490082;-7165055228;;;0;;;0
2727703;;Dieciocho Oriente / Cuatro 1/2 Sur;;-3543336988;-7164151516;;;0;;;0
2727773;;6 Oriente / Seis Sur;;-3543390717;-7165897268;;;0;;;0
2727774;;Seis Sur / Dos Ote;;-35432936;-7166488555;;;0;;;0
2727942;;San Miguel / Treinte Ote;;-3543469173;-7162904444;;;0;;;0
2727944;;San Miguel / Treinta y cuatro Ote;;-3543668655;-7162272147;;;0;;;0
2727945;;San Miguel / Treinta y cuatro Ote;;-354364481;-7162258857;;;0;;;0
2727955;;San Miguel / Camino a San Miguel;;-354386117;-7161573888;;;0;;;0
2727960;;Once Oriente / Tres sur;;-3543028341;-7165060378;;;0;;;0
2727963;;Once Oriente / Ocho Sur;;-3543660869;-7165128613;;;0;;;0
2727991;;Once Oriente / Ocho 1/2 Sur;;-3543704676;-7165122121;;;0;;;0
2727993;;Once Oriente / Nueve Sur;;-3543765355;-7165126354;;;0;;;0
2728052;;6 Oriente / Doce Sur;;-3543924619;-7166105427;;;0;;;0
2728055;;6 Oriente / Ocho 1/2 Sur;;-3543654093;-7165935601;;;0;;;0
2728062;;Carlos Schorr / Balmaceda;;-3542937176;-7167443616;;;0;;;0
2746861;;Avenida Lircay / Diecinueve Norte;;-3540624887;-7164464187;;;0;;;0
2746862;;Av. Lircay / Veintiuno y Medio Norte;;-3540402042;-7163985774;;;0;;;0
2746863;;Av. Lircay / Universidad de Talca;;-3540413489;-7163955477;;;0;;;0
2746864;;Ruta 118 / Estadio Universidad de Talca;;-3540171501;-7163503573;;;0;;;0
2746865;;Ruta 118 / Estadio Universidad de Talca;;-3540185925;-7163490989;;;0;;;0
2746866;;Panamericana Sur / Acceso a Talca;;-3539930696;-7162048758;;;0;;;0
2746867;;Terminal de Buses Linea 5;;-3539861158;-7161988914;;;0;;;0
2746963;;Veinte Poniente / Psje Veinte Pte;;-3544238969;-716977252;;;0;;;0
2746964;;Treinta Sur / Psje Veintiuno Pte;;-3544506315;-7170126468;;;0;;;0
2746965;;Calle 21 Poniente / 25 Sur;;-3544096696;-7169719294;;;0;;;0
2746968;;Cinco Poniente / Veinticuatro 1/2 Sur;;-3544550368;-7168022935;;;0;;;0
2747000;;Calle 25 Sur / 1 Pte;;-3544951849;-7167300225;;;0;;;0
2747005;;Pasaje Veinticinco Sur B / 1 Ote;;-3544585415;-7166897893;;;0;;;0
2747009;;Nueve Oriente / Dieciséis Sur;;-3544711293;-716593444;;;0;;;0
2747010;;Dieciséis Sur / Diez Ote;;-3544817827;-716565259;;;0;;;0
2747013;;Diez Ote / Cabo Orlando Espinoza;;-3544362751;-7165336848;;;0;;;0
2747014;;Diez Oriente / Psje 13;;-3544215261;-7165287805;;;0;;;0
2747015;;Catorce Oriente / Vicente Huidobro;;-3544281026;-7164770096;;;0;;;0
2747018;;Catorce Oriente / Trece Medio Sur;;-35446287;-7164869428;;;0;;;0
2747019;;Catorce Sur / Catorce Ote;;-3544760004;-7164950072;;;0;;;0
2747024;;Catorce Oriente / Diez Sur;;-3543797579;-7164619256;;;0;;;0
2747025;;Dieciocho Ote / Calle 1 Sur;;-3542911338;-7164039999;;;0;;;0
2747027;;Catorce Oriente / Calle 1 Nte;;-3542690263;-7164495302;;;0;;;0
2747029;;Calle 1 Norte / Catorce Ote;;-3542776569;-7164556369;;;0;;;0
2747030;;Catorce Oriente / Uno Sur;;-354292716;-71645207;;;0;;;0
2747032;;Catorce Oriente / Dos Sur;;-3543014868;-716452947;;;0;;;0
2747038;;Catorce Oriente / Tres Sur;;-3543120557;-7164540077;;;0;;;0
2747043;;Once Oriente / Dos Nte;;-3542648241;-7164998712;;;0;;;0
2747044;;Dos Nte / Once Ote;;-3542598148;-7164969237;;;0;;;0
2747046;;Once Oriente / Tres Nte;;-3542477211;-716499469;;;0;;;0
2747047;;Once Oriente / PF;;-3542512056;-7164983527;;;0;;;0
2747056;;"Cuatro Norte, 1513-1579";;-3542253141;-7165232897;;;0;;;0
2747072;;Calle 1 Poniente / Dos Nte;;-3542471261;-7166651126;;;0;;;0
2747073;;Avenida Isidoro del Solar / Dos Nte;;-3542466838;-7166774093;;;0;;;0
2747075;;Avenida Isidoro del Solar / Calle 1 Nte;;-354257598;-7166693189;;;0;;;0
2747079;;Cuatro Norte / Ocho Ote;;-3542298048;-7165560323;;;0;;;0
2747080;;Cuatro Norte / 1 Ote;;-3542164939;-716646435;;;0;;;0
2747081;;Cuatro Norte / Isidora del Solar;;-3542190261;-7167068113;;;0;;;0
2747085;;Once Oriente / Cinco Nte;;-3542162013;-7164954174;;;0;;;0
2747086;;Once Oriente / Siete Nte;;-3541930741;-7164923237;;;0;;;0
2747087;;Diez Norte / Lircay;;-3541391207;-7165301514;;;0;;;0
2747088;;Trece 1/2 Oriente / Trece 1/2 Ote;;-3541549223;-7164438152;;;0;;;0
2747096;;Trece 1/2 Oriente / Once 1/2 Nte;;-3541431171;-7164272528;;;0;;;0
2747099;;Doce Norte / 17 Norte;;-3541162603;-716442305;;;0;;;0
2747116;;Avenida Isidoro del Solar / Dos Norte;;-3542428167;-7166833693;;;0;;;0
2840634;;Ocho Sur / 32 Ote;;-3544277722;-7162875;;;0;;;0
2957053;;Dieciocho Oriente / Cinco Sur;;-3543438821;-7164216098;;;0;;;0
2957680;;Ocho Sur / Dieciocho Ote;;-354369185;-7164443759;;;0;;;0
2957681;;Cuatro Sur / Quince Ote;;-3543285422;-7164420022;;;0;;;0
2957682;;Cuatro Sur / Catorce Ote;;-3543278076;-7164542161;;;0;;;0
2957685;;Terminal;;-3544802854;-7165136859;;;0;;;0
2957741;;Dos Norte /Cuatro Pte;;-3542425031;-716704261;;;0;;;0
2957759;;Ocho Oriente / Siete Nte;;-3541999677;-7165505766;;;0;;;0
2957769;;Lircay / Pasaje desolación;;-3541514616;-7165508696;;;0;;;0
2957791;;Diez Norte / Los Robles;;-3541498571;-7165058153;;;0;;;0
2957823;;Lircay / Doce Norte;;-3541302761;-7165272678;;;0;;;0
2957824;;Doce Norte / Siete Ote;;-3541229085;-7165565254;;;0;;;0
2957825;;Doce Norte / 6 Ote;;-3541188048;-7165642072;;;0;;;0
2957826;;V Cinco 1/2 Ote;;-3541197029;-7165684987;;;0;;;0
2957827;;Cinco Ote / Ocho Norte;;-3541689622;-7165900486;;;0;;;0
2957828;;Cinco Oriente / Cuatro Nte;;-3542190056;-716594087;;;0;;;0
2957829;;Calle 1 Norte / Doce Ote;;-354275561;-7164803441;;;0;;;0
2958320;;Doce Oriente / Dos Sur;;-3542999555;-7164819121;;;0;;;0
2958321;;Doce Ote / Tres Sur;;-3543059838;-7164824111;;;0;;;0
2958329;;Ocho Sur / Diecinueve Ote;;-3543744284;-7164175151;;;0;;;0
2958331;;Ocho Sur / Diecinueve Ote;;-3543762255;-7164182826;;;0;;;0
2958333;;Ocho Sur / Dieciocho Ote;;-3543688601;-7164369106;;;0;;;0
2958334;;Catorce Oriente / Diez Sur;;-3543842448;-7164640814;;;0;;;0
2958335;;Catorce Oriente / Doce Sur;;-35441757;-7164746493;;;0;;;0
2958337;;Catorce Oriente / Trece Sur;;-3544434642;-7164827496;;;0;;;0
2958339;;Terminal / 22 Norte / 13 1/2 Ote;;-3540978321;-7163520455;;;0;;;0
2958343;;Diez 1/2 Norte / Doce Ote;;-3541553239;-7164676219;;;0;;;0
2958346;;Seis Pte / Tres Nte;;-3542295762;-7167324901;;;0;;;0
2958348;;Lircay / Pasaje desolación;;-3541523073;-7165492684;;;0;;;0
2958365;;13 1/2 oriente / 20 Norte;;-3541131782;-7163738519;;;0;;;0
2958397;;Terminal San Miguel / Ocho Sur;;-354458782;-7162223876;;;0;;;0
2958399;;Treinta y dos Ote / Diez Sur;;-3544545566;-7163088024;;;0;;;0
2958400;;32 Oriente / Diez 1/2 Sur;;-3544602867;-7163125121;;;0;;;0
2958401;;Treinta y dos Ote / Diez Sur;;-3544490363;-7163053482;;;0;;;0
2958405;;31 Oriente / 9 1/2 sur;;-3544370912;-7163227294;;;0;;;0
2958407;;Ocho Sur / Treinta Oriente;;-3544055731;-7163320095;;;0;;;0
2958408;;Ocho Sur / Treinta Oriente;;-354407496;-7163328946;;;0;;;0
2958412;;Ocho Sur/  Veintiuno y Medio Ote;;-3543838955;-7163830087;;;0;;;0
2958416;;Dos Norte / 18 Ote;;-3542749598;-7164029651;;;0;;;0
2958420;;2 Norte / Catorce 1/2 Ote;;-354258543;-7164430103;;;0;;;0
2958524;;Lircay / Doce Nte;;-3541337333;-7165282296;;;0;;;0
2958525;;Lircay / Trece Norte;;-3541063582;-716499902;;;0;;;0
2958526;;Lircay / Bencinera HN;;-3540840813;-7164756343;;;0;;;0
2958527;;Avenida Lircay / Teletón;;-3540559857;-7164290826;;;0;;;0
2958528;;Avenida Lircay / teletón;;-3540524314;-716425124;;;0;;;0
2958531;;Lircay / Trece Norte;;-3541096805;-7165017396;;;0;;;0
2958532;;Lircay / Bencinera HN;;-3540870328;-7164766341;;;0;;;0
2958569;;1 Oriente / Dos Nte;;-3542452162;-7166516501;;;0;;;0
2958572;;Calle 1 Norte / 18 ote;;-3542819576;-7164055872;;;0;;;0
2958583;;31 Oriente / 10 Sur;;-3544565749;-7163363814;;;0;;;0
2958606;;Terminal Villa Francia;;-3545569087;-716590628;;;0;;;0
2958607;;10 Oriente / 24 Sur;;-3545552785;-7165860733;;;0;;;0
2958608;;24 Sur / 9 1/2 Oriente C;;-3545379167;-7165963885;;;0;;;0
2958609;;24 Sur / Av. 9 Ote;;-3545332693;-7166079448;;;0;;;0
2958610;;Dieciséis Sur / 9 Ote;;-3544698636;-7165898387;;;0;;;0
2958611;;Nueve Oriente / Quince Sur;;-3544563678;-7165841764;;;0;;;0
2958634;;Catorce Sur / Pasaje Paula Jaraquemada;;-3544232109;-7165701923;;;0;;;0
2958662;;El Arrollo / Cinco 1/2 Oriente;;-3544157982;-7166152592;;;0;;;0
2958663;;Cinco Oriente / Trece Sur;;-3544060195;-7166274923;;;0;;;0
2958668;;Once 1/2 Sur / Psje Sto Domingo;;-3543981763;-7165596137;;;0;;;0
2958670;;Nueve Oriente / Once Sur;;-3543916307;-716546701;;;0;;;0
2958671;;Nueve Oriente / Nueve 1/2 Sur;;-3543792655;-7165454521;;;0;;;0
2958672;;Nueve Oriente / Nueve Sur;;-3543732672;-7165447587;;;0;;;0
2958673;;Once Oriente / Siete Sur;;-3543509658;-7165097161;;;0;;;0
2958674;;Once Oriente / Cinco Sur;;-3543328154;-7165077567;;;0;;;0
2958675;;6 Oriente / Ocho nte;;-3541731904;-7165758298;;;0;;;0
2958676;;Cuatro Oriente / 12 Nte;;-3541143935;-7165961322;;;0;;;0
2958677;;Cuatro Oriente / 12 Nte;;-3541079697;-7165966633;;;0;;;0
2958678;;4 Oriente / Pje 12 1/2 Nte;;-3540872173;-7165928507;;;0;;;0
2958681;;Cinco Oriente / 19 Nte;;-3540295121;-7165300512;;;0;;;0
2958682;;Diecinueve Norte C / Cinco Ote;;-3540212963;-7165229989;;;0;;;0
2958684;;Cinco Oriente / 18 nte;;-3540090589;-7165240585;;;0;;;0
2958685;;Cinco Oriente / Circunvaliación nte;;-3540021653;-7165225658;;;0;;;0
2958686;;5 Ote / 18 Nte;;-3539845138;-7165191599;;;0;;;0
2958687;;Terminal / Av Lircay;;-3539050626;-7164221048;;;0;;;0
2959086;;Cinco Ote / Domingo Sta. María;;-3540775012;-7165535868;;;0;;;0
2959095;;Carretera acceso Norte / 2 1/2 Oriente D;;-3539710077;-7164988428;;;0;;;0
2959098;;Pasaje 25 1/2 Norte /6 1/2 Oriente D;;-3539266841;-7164362323;;;0;;;0
2959125;;6 1/2 Oriente D / Psje 28 Norte;;-3539122507;-7164282892;;;0;;;0
2959170;;21 Norte / Cruce Av. Lircay - Av Circunvalación;;-3539477067;-7165077308;;;0;;;0
2959171;;Cruce Av. Lircay - Av Circunvalación / Caletera Acceso norte;;-3539637303;-7165142405;;;0;;;0
2959173;;Cinco Oriente / Aníbal Pinto;;-3540775888;-7165552765;;;0;;;0
2959181;;Tres Oriente / Doce Nte;;-3541102461;-7166107146;;;0;;;0
2959183;;Tres Oriente / Diez Nte;;-3541417387;-7166141494;;;0;;;0
2959185;;Tres Oriente / 4 Norte;;-3542171795;-7166212453;;;0;;;0
2959190;;Nueve Oriente / Nueve Sur;;-354369625;-7165453523;;;0;;;0
2959194;;6 Oriente / Doce Sur;;-3543922429;-7166117102;;;0;;;0
2959207;;Nueve Oriente / Quince Sur;;-3544559413;-7165854245;;;0;;;0
2970680;;Nueve Oriente / Dieciocho Sur;;-3544886954;-7166060507;;;0;;;0
2972807;;29 Sur / Av 9 ote;;-354593482;-7166483492;;;0;;;0
2972808;;10 1/2 Ote / 29 Sur;;-3546106757;-7165975214;;;0;;;0
2972828;;28 Sur / Av. 9 1/2 Ote;;-3545896369;-7166175038;;;0;;;0
2972829;;28 Sur / Av.9 Ote;;-3545822961;-7166359037;;;0;;;0
2972843;;Avenida 9 Oriente / 23 Sur;;-3545182581;-7166015982;;;0;;;0
2972848;;Dieciséis Sur / Diez Ote;;-3544834976;-7165591413;;;0;;;0
2972870;;Catorce Sur / Mayor Mario Muñoz;;-3544622515;-7165272368;;;0;;;0
2972885;;Carlos Schorr / Balmaceda;;-3542923695;-7167367011;;;0;;;0
2972886;;Colin / Los Maitenes;;-3543311928;-7167881362;;;0;;;0
2972887;;Colin / Caracas;;-3543154268;-716777122;;;0;;;0
2972889;;Circunvalación Poniente / Los Maitenes;;-3543448468;-7167936717;;;0;;;0
2972890;;Colin / 14 Sur;;-3543491329;-7168011972;;;0;;;0
2972898;;Colin / Los Boldos;;-3543539423;-7168016384;;;0;;;0
2972919;;Colin / 20 Sur;;-3543969927;-716833406;;;0;;;0
2972920;;Colin / 19 Sur;;-3543768366;-716816175;;;0;;;0
2972933;;Veinticuatro 1/2 Sur B / Cinco 1/2 Pte;;-3544462628;-7168130113;;;0;;;0
2976538;;Avenida Duao / Av 5 Pte;;-3545426481;-716825862;;;0;;;0
2976550;;Provincia de  Cauquenes  /Provincia de Talca;;-3545647146;-7167828414;;;0;;;0
2976551;;San Javier / Provincia de Cauquenes;;-3545934072;-7167941715;;;0;;;0
2976560;;San Javier / Provincia de Linares;;-3545868301;-7168111882;;;0;;;0
2976563;;San Javier / Av. 5 Pte;;-3545783919;-7168322575;;;0;;;0
2976565;;San Javier  / Provincia de Curico;;-3545723174;-7168478288;;;0;;;0
2976566;;Unihue / Provincia de Talca;;-3545527747;-71684385;;;0;;;0
2976572;;Colin / 20 Sur;;-3544092084;-7168383832;;;0;;;0
2976576;;Circunvalación Poniente / Los Caquis;;-3543778199;-7168144851;;;0;;;0
2976581;;Circunvalación Poniente / Aida;;-3543165151;-7167744065;;;0;;;0
2976582;;Carlos Schorr / Colbún;;-3542863592;-7167113007;;;0;;;0
2976602;;Terminal / Arturo Prat;;-3544992927;-7168099523;;;0;;;0
2976678;;Cuatro Poniente / Tres Pte;;-3544548719;-716766959;;;0;;;0
2976784;;Ignacio Carrera Pinto / Uno 1/2 Pte;;-3544417071;-7167102312;;;0;;;0
2976785;;Ignacio Carrera Pinto / Adolfo Becker;;-3544480407;-7167016301;;;0;;;0
2976791;;1 Oriente / Diez Sur;;-3543889934;-7166649047;;;0;;;0
2976792;;1 Oriente / 16 Sur;;-3544342211;-7166699409;;;0;;;0
2976793;;1 Oriente / 12 Sur;;-3544083701;-7166667491;;;0;;;0
2976794;;1 Oriente / 9 Sur;;-3543800786;-716664183;;;0;;;0
2976807;;Calle 1 Poniente / Dos Sur;;-3542852883;-716668144;;;0;;;0
2976833;;Manuel Rodríguez / Doce Nte;;-3541002778;-7166286049;;;0;;;0
2976834;;Manuel Rodríguez / Pje Igualdad;;-3540861554;-7166223547;;;0;;;0
2976848;;Pasaje Libertad / Catorce Norte;;-3540582708;-7165926895;;;0;;;0
2976849;;Terminal  / Catorce Norte;;-3540521199;-7166010618;;;0;;;0
2976904;;Pasaje Gabriela Mistral / Pasaje Concordia;;-3540713184;-7166124987;;;0;;;0
2976908;;1 Oriente / 4 Sur;;-3543031223;-7166572273;;;0;;;0
2976909;;1 Oriente / 6 Sur;;-3543250866;-7166594266;;;0;;;0
2977779;;Cinco Poniente / 22 sur O;;-3544324729;-71678828;;;0;;;0
2977782;;Veintiséis Sur / 4 Pte;;-3544864448;-7167857051;;;0;;;0
2977790;;Terminal / Calle 21 Pte;;-3544269881;-7169921279;;;0;;;0
2977791;;Veintisiete Sur / 17 Pte;;-3544305139;-716948533;;;0;;;0
2977792;;Veintisiete Sur / 14 Pte;;-3544436675;-716920797;;;0;;;0
2977793;;Colin / 27 Sur;;-3544527744;-7168735145;;;0;;;0
2977794;;Colin / 25 Sur;;-3544322402;-7168579153;;;0;;;0
2977796;;Cancha Rayada / 6 Nte;;-3541994158;-7165184068;;;0;;;0
2977805;;Acceso Norte Talca / Cruce Ruta 5;;-3539946922;-7162813209;;;0;;;0
2977806;;Ruta 118 / Ruta 5;;-3539874276;-7162624329;;;0;;;0
2977808;;Cancha Rayada / Siete Ote;;-3541856203;-7165295004;;;0;;;0
2977810;;Colin / Camino La Florida;;-3544027418;-7168376533;;;0;;;0
2977811;;Colin / 23 Sur;;-3544186795;-7168507049;;;0;;;0
2977816;;Colin / 26 Sur;;-3544338933;-7168629795;;;0;;;0
2977818;;Colin / 27 Sur;;-3544527729;-7168771148;;;0;;;0
2977831;;Acceso Norte Talca / Cruce Ruta 5;;-3539961949;-7162679851;;;0;;;0
2977834;;Autopista Talca - Chillán /Kim 248;;-3539270983;-7161322706;;;0;;;0
2977835;;Panamericana Sur km 246;;-3538403482;-7160513092;;;0;;;0
2977837;;Panamericana Sur km 245;;-3537630459;-7159862092;;;0;;;0
2977838;;Panamericana Sur km 245;;-3537656547;-715981096;;;0;;;0
2977839;;Caletera Ruta 5 / Cruce ruta 5 (Panguilemo);;-353720886;-7159290612;;;0;;;0
2977840;;Cruce Panguilemo;;-3536515739;-7159437329;;;0;;;0
2977841;;Terminal / Panguilemo;;-353622373;-7158852338;;;0;;;0
2978043;;Panamericana Sur / Salida Talca Chillán;;-3536902004;-7159076303;;;0;;;0
2978749;;Panamericana Sur km 246;;-3538376468;-7160550714;;;0;;;0
2978751;;Panamericana / Santa Corina A;;-3539208016;-7161325765;;;0;;;0
2978753;;Camino a San Miguel / Diez Sur A;;-3544799553;-7162414581;;;0;;;0
2978760;;Dieciseis Sur / Tres 1/2 Pte;;-3544433279;-7166500695;;;0;;;0
2978761;;Dieciséis Sur / 6 Ote;;-3544513752;-7166344169;;;0;;;0
3274329;;6 Oriente / Dieciocho sur;;-3544770542;-7166432956;;;0;;;0
3274412;;Tres Pte / Calle 25 Sur;;-3544794368;-7167553009;;;0;;;0
3333622;;Ocho Sur / Las Rosas;;-3543926666;-7163618204;;;0;;;0
3333702;;Veintiocho 1/2 Sur/ Calle 24 Pte;;-3544276874;-7170247703;;;0;;;0
3333716;;Treinta Sur / Calle 24 Pte;;-3544429836;-7170267016;;;0;;;0
3333835;;19 1/2 Poniente / Psje 29 1/2 Sur A;;-3544578181;-7169877317;;;0;;;0
3333836;;29 Sur / Pje 18 1/2 Pte;;-3544513194;-7169744874;;;0;;;0
3333838;;Veintinueve Sur / 14 pte;;-3544668748;-7169333813;;;0;;;0
3333841;;Catorce Oriente / Psje Cinco 1/2 Nte B;;-3542269004;-7164555496;;;0;;;0
3333843;;Catorce Oriente / Psje Seis Nte;;-3542122887;-7164496131;;;0;;;0
3333844;;Catorce Oriente / Doce Nte;;-3541696898;-7164214153;;;0;;;0
3333847;;Catorce Oriente / Catorce Nte;;-3541609513;-7164112381;;;0;;;0
3333883;;Av. 21 Nte / Av. 22 Ote;;-3541055489;-7162628621;;;0;;;0
3333884;;Av. 21 Nte / 25 Ote;;-3541205888;-716220215;;;0;;;0
3333885;;26 Ote / Terminal;;-3541170912;-7162028342;;;0;;;0
3333887;;22 Nte / 23 Ote;;-3540959302;-7162323117;;;0;;;0
3333890;;Av. 21 Nte / Av. 22 Ote;;-3541036908;-7162589997;;;0;;;0
3333891;;Circunvalación / 17 Ote;;-3541755871;-7163668513;;;0;;;0
3333908;;Veintinueve Sur / 18 Pte;;-3544541932;-7169645548;;;0;;;0
3333923;;Veintiocho 1/2 Sur / Veintiuno 1/2 Pte A;;-3544352044;-7170035004;;;0;;;0
3333938;;Terminal Taxual A / Cruce Ruta 5;;-3542255108;-7159951776;;;0;;;0
3333939;;Cruce Ruta 5 / K-55;;-3542335598;-7159968773;;;0;;;0
3333942;;Cruce Ruta 115 / Cruce K-15;;-3542408457;-7160264312;;;0;;;0
3333948;;Cruce K 15 / Pta de Diamante;;-3542489063;-716035956;;;0;;;0
3333960;;K-55 / 5 Nte;;-3543281797;-7160833361;;;0;;;0
3333963;;Camino Las Rastras / Cinco Nte;;-35433515;-7160867539;;;0;;;0
3339094;;Camino Las Rastras / Cuarenta Ote;;-3543766025;-716118352;;;0;;;0
3339112;;Uno Sur / Av. San Miguel;;-35438865;-7161275816;;;0;;;0
3339113;;Uno Sur / Av. San Miguel;;-3543909054;-7161313433;;;0;;;0
3339127;;San Miguel / Treinte Ote;;-3543472524;-7162802604;;;0;;;0
3339205;;I - Avenida San Miguel / 21 Ote;;-3543224859;-7163650805;;;0;;;0
3339250;;Barcelona / El Arenal;;-3543417951;-7166797887;;;0;;;0
3339283;;Circunvalación Sur / J María Auxiliadora;;-3543838546;-7167037806;;;0;;;0
3339286;;Catorce Sur / Cuatro Pte;;-3543916889;-7167388164;;;0;;;0
3339376;;Catorce Sur / Los Almendros;;-354360884;-7167882962;;;0;;;0
3339380;;Cruce Ruta 5 / K -610;;-3545409634;-7169092839;;;0;;;0
3339381;;Cruce Ruta 5 / Colegio Santo Tomás;;-3545498001;-7169198245;;;0;;;0
3339382;;K-610 / Calle 5;;-3545536368;-7169567295;;;0;;;0
3339383;;K-610 / Calle 5;;-3545524384;-7169593358;;;0;;;0
3339407;;K-610 / Principal;;-354567306;-7170313948;;;0;;;0
3339408;;K-610 / Obispo Manuel Larrain;;-3545735751;-7170855253;;;0;;;0
3339411;;Principal / Calle Juan Pablo Segundo;;-3545975682;-7170300397;;;0;;;0
3339412;;Juan Pablo Segundo / Pasaje 25;;-3545941157;-7170540278;;;0;;;0
3339413;;Calle Juan Pablo Segundo / Obispo Manuel Larrain;;-3545848918;-7170832438;;;0;;;0
3339417;;K-610 / Terminal A;;-3545752393;-7170629382;;;0;;;0
3339624;;Cruce Ruta 5 / Colegio Santo Tomás;;-3545444988;-716912359;;;0;;;0
3339632;;Colin / veintinueve Sur;;-3544816656;-7168984889;;;0;;;0
3339636;;Colin / Veintiocho Sur;;-3544781989;-716895871;;;0;;;0
3339641;;K-55;;-3542536625;-7160372615;;;0;;;0
3339987;;Cruce ruta 115 / Parada 1;;-3544888984;-7154365744;;;0;;;0
3339991;;K-555 / parada 2;;-3544808117;-7154309744;;;0;;;0
3339995;;K-555 / Parada 3;;-354466155;-715421689;;;0;;;0
3339999;;Cruce ruta 115 / Parada 1;;-3544877995;-715434435;;;0;;;0
3340001;;K-555 / Parada 2;;-3544631522;-7154182613;;;0;;;0
3340006;;K-555 / Parada 4;;-3544161153;-7153748961;;;0;;;0
3340020;;K-555 / Parada 3;;-3544419784;-7153924048;;;0;;;0
3340024;;K-555 / Parada 4;;-3543364919;-7153451407;;;0;;;0
3340038;;Cruce Ruta 115 San Miguel / parada 1;;-3543004383;-7153382358;;;0;;;0
3340041;;Cruce Ruta 115 San Miguel / Parada 2;;-3542890391;-7154020664;;;0;;;0
3340042;;Cruce Ruta 115 San Miguel / Parada 3;;-3542832071;-7154358576;;;0;;;0
3340061;;Cruce Ruta 115 San Miguel / Parada 4;;-3542379259;-7156529464;;;0;;;0
3340068;;Cruce Ruta 115 San Miguel / Parada 3;;-3542434094;-7156236193;;;0;;;0
3340070;;Cruce Ruta 115 San Miguel / Parada 5;;-3542216246;-7157754254;;;0;;;0
3340077;;Cruce Ruta 115 San Miguel / Parada 6;;-354217377;-7159041317;;;0;;;0
3340142;;Cruce Ruta 115 San Miguel / Parada 4;;-3542235436;-7157496214;;;0;;;0
3340143;;Cruce Ruta 115 San Miguel / Parada 2;;-3542492474;-7156002223;;;0;;;0
3340144;;Cruce Ruta 115 San Miguel / Parada 1;;-3542701422;-715526247;;;0;;;0
3388257;;Calle 21 Poniente / Veintidos 1/2 Sur;;-3543817973;-7169466645;;;0;;;0
3388261;;Diecisiete Poniente / Veinte 1/2 Sur;;-3543681039;-716900089;;;0;;;0
3388265;;Treinta y dos Ote / Pasaje Siete y medio Sur B;;-354425677;-7162952632;;;0;;;0
3388279;;Terminal;;-3543821469;-7162611991;;;0;;;0
3388291;;Diecisiete Poniente / Diecinueve Sur;;-3543578677;-7168850541;;;0;;;0
3388474;;Terminal / Templanza;;-353934122;-7165133268;;;0;;;0
3388493;;Cinco 1/2 / Ote B / Circunvalación Norte;;-3539880835;-7164776802;;;0;;;0
3388496;;Circunvalación Nte / Veintiuno 1/2 Norte;;-3539973974;-7164588358;;;0;;;0
3388507;;Circunvalación Norte / Cinco 1/2 Ote D;;-3540017248;-7164475309;;;0;;;0
3388513;;Veinte Norte B / Diecinueve Nte C;;-3540280495;-7164938807;;;0;;;0
3388514;;Diecinueve Norte C / Cinco 1/2 Ote;;-3540244282;-7165096661;;;0;;;0
3388522;;Cinco Oriente / Dieciseis Nte;;-3540480071;-7165360105;;;0;;;0
3388526;;Catorce Nte / Seis 1/2 Oriente B;;-3540683533;-7165150729;;;0;;;0
3388533;;Siete Oriente / Trece Nte;;-3540961925;-7165230095;;;0;;;0
3388580;;Dieciséis Sur / Nueve 1/2 Sur;;-354475811;-7165765263;;;0;;;0
3388586;;Terminal / Once Oriente;;-3544864011;-716519925;;;0;;;0
3388694;;Once Oriente / Cuatro Nte;;-3542395086;-7164968742;;;0;;;0
3388759;;Cinco 1/2 Oriente D / 20 Nte D;;-3540149334;-7164716824;;;0;;;0
3388766;;Circunvalación Norte / Cinco 1/2 Ote C;;-3539937025;-7164656907;;;0;;;0
3390952;;Avenida San Miguel / Calle 30 Ote;;-3543440549;-7162895915;;;0;;;0
3391043;;k-610 / Parada 1;;-3545916198;-7171922133;;;0;;;0
3391048;;k-610 / Parada 1;;-3546126411;-7172498791;;;0;;;0
3391064;;k-610 / Población Los Maitenes;;-3546258184;-7172806237;;;0;;;0
3391066;;k-610 / María Aux. Colín;;-3546570036;-7173170104;;;0;;;0
3391067;;k-610 / María Aux. Colín;;-3546618146;-7173200573;;;0;;;0
3391068;;K-610 / paradero 3;;-3546953922;-7173790748;;;0;;;0
3391242;;K-610 / Parada 3;;-3546934559;-7174383965;;;0;;;0
3391251;;Querquel / K-610;;-3547119697;-7174634559;;;0;;;0
3391253;;Quernel / paradero 3;;-3547901713;-7174714118;;;0;;;0
3391254;;Quernel / Paradero 1;;-3547295575;-7174644649;;;0;;;0
3391255;;Quernel / Paradero 2;;-3547513571;-7174663961;;;0;;;0
3391256;;Quernel / paradero 4;;-3548028177;-7174726993;;;0;;;0
3391257;;Quernel / Paradero 1;;-3547294701;-7174652427;;;0;;;0
3391263;;Quernel / Paradero 2;;-3548182159;-7175183773;;;0;;;0
3391265;;Quernel / Paradero 6;;-3548497103;-7175645918;;;0;;;0
3391266;;Terminal;;-3548511954;-7175848156;;;0;;;0
3391267;;Quernel / Paradero 5;;-3548333735;-7175399155;;;0;;;0
3391269;;k-610 / Parada 2;;-3546139308;-7172501028;;;0;;;0
3391906;;Quernel / Cementerio;;-3548459101;-7174788415;;;0;;;0
3719534;;Avenida Duao / Numpay;;-3545372575;-7168684203;;;0;;;0
3719538;;Avenida Duao / Chacarillas;;-3545373707;-7168496618;;;0;;;0
3766900;;Madrid / Pasaje Badajoz;;-3543686043;-7167318612;;;0;;;0
3766911;;San Juan / Bernardo O´Higgins;;-3543428047;-7167259637;;;0;;;0
3766914;;Bernardo O'Higgins / El Arenal;;-35430526;-7167149976;;;0;;;0
3766957;;Veintitrés Oriente / Psje Uno 1/2 Sur A;;-3543147363;-71633916;;;0;;;0
3766960;;Veintitrés Oriente / Cuatro Norte;;-3542740193;-7163179495;;;0;;;0
3766961;;Veintitrés Oriente / Dos Sur;;-354319448;-7163410217;;;0;;;0
3766965;;Veintitrés Oriente / Diagonal Cam. al agua Potable;;-3542528687;-7163038847;;;0;;;0
3766967;;Veintitrés Oriente / Ocho 1/2 Norte;;-3542405762;-7162920449;;;0;;;0
3766977;;Diez Norte / Veintitres Ote;;-354234245;-716282838;;;0;;;0
3767008;;Avenida Circunvalación Oriente / Cinco Nte;;-3542698144;-716260609;;;0;;;0
3767010;;Lago Laja / 25 Ote;;-3542905774;-7162901402;;;0;;;0
3767013;;Avenida Circunvalación Oriente / Cinco Nte;;-3542710601;-7162571489;;;0;;;0
3767014;;Avenida Circunvalación Oriente / Siete Nte;;-3542500562;-7162485123;;;0;;;0
4425238;;Culenar;;-3545703453;-7169296861;;;0;;;0
4425239;;Camino a Maule;;-3546267985;-716948247;;;0;;;0
4425240;;Camino a Maule - Parque del Maule;;-3546628006;-7169600487;;;0;;;0
4425242;;Camino a Maule - Camino Barros Negros;;-3547387317;-7169817209;;;0;;;0
4425243;;Camino a Maule - Camino Ruta 5;;-3547739425;-7170013547;;;0;;;0
4425244;;Camino a Maule - Unihue;;-3548527024;-7170416415;;;0;;;0
4425245;;Camino a Maule - Escuela Numpay;;-3548651513;-7170473814;;;0;;;0
4425246;;Camino a Maule - Republica del Peru;;-3551886668;-7170033932;;;0;;;0
4425247;;Camino a Maule - Las Vertientes;;-3552351221;-7169851542;;;0;;;0
4425248;;Balmaceda - Camino a Talca;;-3552483946;-7169570446;;;0;;;0
4425249;;Balmaceda - Freire;;-3552450328;-7169395298;;;0;;;0
4425250;;Balmaceda - Bernardo O'Higgins;;-3552423478;-7169246167;;;0;;;0
4425251;;Ignacio Serrano - Portales;;-3552090786;-7168828815;;;0;;;0
4425252;;Balmaceda - Ignacio Serrano;;-3552339433;-7168778121;;;0;;;0
4425253;;Ignacio Serrano - Las Araucarias;;-3551865928;-7168887287;;;0;;;0
4425254;;Las Araucarias - Bernardo O'Higgins;;-3551934914;-7169342995;;;0;;;0
4425255;;Bernardo O'Higgins - Balmaceda;;-3552144489;-716931054;;;0;;;0
4425256;;Diego Portales - Camilo Zamorano;;-355220998;-7169612288;;;0;;;0
4425259;;Portales - Camino a Talca;;-3552242944;-7169867635;;;0;;;0
4425260;;Camino a Maule - Cajamarca;;-3551850864;-7170019448;;;0;;;0
4425262;;Camino a Talca - El Mirador;;-3551645648;-7170100987;;;0;;;0
4425263;;Camino a Talca - Flores de Unihue;;-3549439459;-7170478106;;;0;;;0
4425265;;Escuela Numpay;;-3548651513;-7170428753;;;0;;;0
4425266;;Camino a Talca - Camino a Ruta 5;;-3547774373;-7169967413;;;0;;;0
4425267;;Camino a Talca - Loteo Barros Negros;;-3547372464;-7169759274;;;0;;;0
4425268;;Camino a Talca - Colegio San Esteban;;-3546725873;-7169581175;;;0;;;0
4425269;;Camino a Talca - Parque del maule;;-3546594801;-7169527531;;;0;;;0
4425270;;Parada Camino a Talca;;-3546262742;-7169430971;;;0;;;0
4425271;;Terminal de Buses;;-3543016581;-7164733887;;;0;;;0
4425518;;3 Sur - Plaza Arturo Prat;;-3543102253;-7164497852;;;0;;;0
4425519;;Cruce varoli - Ruta 5;;-3543205408;-7163768291;;;0;;;0
4425520;;Ruta 5 - Cruce Tabaco;;-3545031382;-7164450645;;;0;;;0
4425521;;Ruta 5 Sur - Camino Los Patos Chacarillas;;-3546861312;-7165183157;;;0;;;0
4425522;;Ruta 5 - Cruce Unihue;;-3548839334;-7165965557;;;0;;;0
4425523;;Ruta 5 - Km 263;;-3550003728;-7166424751;;;0;;;0
4425524;;Ruta 5 - Cruce Maule;;-3552169376;-7167793751;;;0;;;0
4425525;;Ruta 5 - Pronto Copec;;-3553113484;-7168642402;;;0;;;0
4425526;;Ruta 5 - Puente Maule;;-355483726;-7169681758;;;0;;;0
4425527;;Ruta 5 - Bobadilla;;-3556234254;-7169644207;;;0;;;0
4425528;;Ruta 5 - Bobadilla 2;;-3557089744;-7169889092;;;0;;;0
4425529;;Ruta 5 - Cruce La Palma;;-3557714034;-7170504281;;;0;;;0
4425530;;Ruta 5 - San Javier;;-3559748576;-7170709044;;;0;;;0
4425532;;Balmaceda - Ruta 5 Sur;;-3560121436;-7170702053;;;0;;;0
4425533;;Balmaceda - Warken;;-3560064174;-7170946662;;;0;;;0
4425534;;Balmaceda - Chanquico;;-3560018116;-7171155699;;;0;;;0
4425535;;Balmaceda - Viña Balduzzi 1;;-355997221;-7171307965;;;0;;;0
4425643;;Balmaceda - Aldunate;;-3559878073;-7171696107;;;0;;;0
4425644;;Balmaceda- San Jeronimo;;-3559836106;-7171865182;;;0;;;0
4425645;;Balmaceda;;-3559775626;-7172106054;;;0;;;0
4425646;;Balmaceda - Las Araucarias;;-3559722803;-7172310282;;;0;;;0
4425647;;Balmaceda - León Gallo;;-3559640544;-7172626959;;;0;;;0
4425648;;Balmaceda - Chorrillos;;-3559569662;-7172897226;;;0;;;0
4425649;;Chorrillos - Sargento Aldea;;-355948344;-717289085;;;0;;;0
4425650;;Chorrillos - Torreblanca;;-3559252683;-7172695004;;;0;;;0
4425651;;Pulluquen - Chorrillos;;-355915558;-7172648752;;;0;;;0
4425652;;Pulluquen - Colegio Leonardo Da Vinci;;-3559123622;-7172777248;;;0;;;0
4425653;;Pulluquen - Esmeralda;;-3559088658;-7172938501;;;0;;;0
4425654;;Pulluquen - Cienfuegos;;-3559049413;-7173109384;;;0;;;0
4425655;;Pulluquen - Miraflores;;-3559026129;-7173214867;;;0;;;0
4425656;;Pulluquen - Los Olivos;;-355894536;-7173533494;;;0;;;0
4425657;;Pulluquen - Serrano;;-3558892757;-7173746071;;;0;;;0
4425658;;Serrano - Torreblanca;;-3559017251;-7173812643;;;0;;;0
4425659;;Serrano - Aurelio Meza;;-3559189729;-717387637;;;0;;;0
4425660;;Jose T. Diaz - Aurelio Meza (Gimnasio Municipal);;-3559161832;-717403151;;;0;;;0
4425661;;Jose T. Diaz - Arturo Prat;;-3559274892;-7174073677;;;0;;;0
4425662;;Juntas Viejas - Serrano;;-3559463884;-7174075243;;;0;;;0
4425663;;Juntas Viejas   - Plaza;;-3559633576;-7174015358;;;0;;;0
4425664;;Juntas Viejas - Villa Puesta del Sol;;-3559729197;-7173969456;;;0;;;0
4425666;;Juntas Viejas - Osvaldo Villalobos;;-3559769273;-7173642091;;;0;;;0
4425667;;Juntas Viejas - Cancha de Carreras;;-355977389;-7173382891;;;0;;;0
4425668;;Cancha de Carreras - 2480;;-355980033;-7173309039;;;0;;;0
4425669;;Cancha de Carreras - Chorrillos;;-3559887059;-7173166013;;;0;;;0
4425670;;Chorrillos - Alessandri;;-3559728167;-7173031639;;;0;;;0
4425671;;Chorrillos 1454;;-355963604;-7172974415;;;0;;;0
4425672;;Balmaceda - Copec;;-3559605312;-7172846475;;;0;;;0
4425673;;Balmaceda - Leon Gallo;;-3559645181;-7172701877;;;0;;;0
4425674;;Balmaceda - Mac Iver;;-3559701405;-7172480422;;;0;;;0
4425675;;Balmaceda - Las Araucarias;;-3559738744;-7172306591;;;0;;;0
4425676;;Balmaceda - Lago Villarrica (El Mimbral);;-3559788226;-7172088016;;;0;;;0
4425677;;Balmaceda - San Geronimo;;-3559832308;-7171935745;;;0;;;0
4425678;;Balmaceda - Villa Jose Amigo;;-3559867446;-7171767877;;;0;;;0
4425680;;Balmaceda - Warnken;;-3560059297;-7171003163;;;0;;;0
4425681;;Balmaceda - Salida Ruta 5 Sur;;-3560118463;-7170752586;;;0;;;0
4425682;;Calle de Servicio Ruta 5 Sur Parada con Balmaceda;;-3560109569;-717057247;;;0;;;0
4425683;;Ruta 5 Sur  -- Bobadilla;;-3557749956;-7170489656;;;0;;;0
4425684;;Ruta 5 Sur - Cruce Colbun - Bobadilla;;-35569891;-7169825578;;;0;;;0
4425686;;Ruta 5 Sur - Cruce Maule;;-3552118749;-7167698387;;;0;;;0
4425687;;Ruta 5 Sur - Cruce Unihue;;-3548912911;-7165959711;;;0;;;0
4425688;;Ruta 5 Sur - Chacarillas;;-3548242479;-7165693537;;;0;;;0
4425689;;Ruta 5 Sur - Chacarillas 1;;-3548024686;-7165610669;;;0;;;0
4425691;;Ruta 5 Sur - Cruce El Tabaco;;-3545062074;-7164432906;;;0;;;0
4425692;;21 Oriente - Cruce Varoli - Av San Miguel;;-354324868;-7163693726;;;0;;;0
4425693;;3 1/2 Sur - Plaza Arturo Prat;;-3543187705;-7164426774;;;0;;;0
4425709;;Cruce Pueblecillo;;-3554780499;-7169634261;;;0;;;0
4426141;;6 Oriente - Alameda;;-3542181847;-7165799493;;;0;;;0
4426142;;6 Oriente - 6 Norte;;-3541974839;-7165780933;;;0;;;0
4426143;;Av Lircay - 19 Norte;;-3540650621;-7164474249;;;0;;;0
4426144;;Ruta 5 - Panguilemo;;-3537628773;-7159834027;;;0;;;0
4426145;;Ruta 5 - Cruce Pelarco;;-3536897713;-7159039038;;;0;;;0
4426146;;Ruta 5 - Panguilemo 2;;-3535624534;-7157820839;;;0;;;0
4426147;;Ruta 5 Sur - Alto Pangue;;-3534903385;-7157461913;;;0;;;0
4426148;;Ruta 5 Sur - Panguilemito;;-3533587482;-7155896311;;;0;;;0
4426149;;Ruta 5 Sur - Pronto Copec San Rafael;;-3532000273;-7153899493;;;0;;;0
4426150;;Ruta 5 Sur - San Rafael;;-3530544239;-7152065548;;;0;;;0
4426151;;Av Oriente - Villa Don Sebastian;;-35302325;-7151381314;;;0;;;0
4426152;;Av Oriente - Villa Don Sebastian 2;;-3530113418;-7151237547;;;0;;;0
4426153;;Av Cementerio - Cementerio de San Rafael;;-3529979449;-7151124358;;;0;;;0
4426154;;Interior Villa Don Sebastian;;-3529964125;-7151198387;;;0;;;0
4426155;;Villa Don Sebastian - Paradero 2;;-3530046871;-715127027;;;0;;;0
4426156;;Villa Don Sebastian - Paradero 3;;-3530121298;-715135181;;;0;;;0
4426157;;Villa Don Sebastian - Paradero 4;;-3530193098;-715143013;;;0;;;0
4426158;;Villa Don Sebastian - Av Cementerio;;-3530225933;-7151395261;;;0;;;0
4426159;;Av Cementerio - San Rafael;;-3530307363;-7151474655;;;0;;;0
4426160;;Av Cementerio - Alcalde Libia Ronca;;-3530389668;-715155834;;;0;;;0
4426161;;Av Oriente - Plaza San Rafael;;-3530489264;-7151666164;;;0;;;0
4426162;;Avenida Oriente - 2231;;-3530603963;-7151791692;;;0;;;0
4426163;;Av San Rafael - Los Sauces;;-3530776445;-7151417524;;;0;;;0
4426164;;Av San Rafael - Calle 2;;-3530921783;-7151181757;;;0;;;0
4426165;;Alcalde Livia Ronca - Av Cementerio;;-353038923;-7151587844;;;0;;;0
4426166;;Escuela San Rafael;;-3530761342;-7151736975;;;0;;;0
4426167;;Av San Rafael - Los Sauces;;-3530783231;-7151440859;;;0;;;0
4426168;;Av San Rafael - Escuela San Rafael;;-353074602;-7151730001;;;0;;;0
4426169;;Av Oriente - Plaza San Rafael;;-3530497363;-7151648998;;;0;;;0
4426170;;Av Cementerio -  Semaforos;;-3530395797;-7151539028;;;0;;;0
4426171;;San Rafael Poniente - Pasarela;;-3530569616;-7152155308;;;0;;;0
4426172;;Ruta 5 Sur - San Rafael Sur;;-3530811602;-7152450293;;;0;;;0
4426173;;Ruta 5 Sur - Frente Terpel;;-3531213523;-715296701;;;0;;;0
4426174;;Ruta 5 Sur - Fente Pronto Copec San Rafael;;-3532040889;-715400632;;;0;;;0
4426175;;Ruta 5 Sur - Alto pangue;;-3534938332;-7157532692;;;0;;;0
4426176;;20 Oriente - 2 Norte;;-354287146;-7163624525;;;0;;;0
4426177;;20 Oriente - Av San Miguel;;-3543114491;-7163712502;;;0;;;0
4426196;;2 Norte - 21 Oriente;;-3542904681;-7163536549;;;0;;;0
4426204;;7 Oriente - 8 Norte;;-3541722646;-716562438;;;0;;;0
4426205;;7 Oriente - 6 Norte;;-3541970958;-7165650129;;;0;;;0
4426206;;7 Oriente - Alameda;;-3542259479;-7165663004;;;0;;;0
4426207;;Alameda- 11 Oriente;;-3542338165;-7165034294;;;0;;;0
5225799;;Doce Ote / Catorce Sur;;-3544714336;-7165115565;;;0;;;0
5225818;;Doce Nte / Nueve Oriente;;-3541280431;-7165333897;;;0;;;0
5225819;;Doce Nte / Siete Ote;;-354123529;-7165494964;;;0;;;0
5225820;;Avenida Isidoro del Solar / Tres Nte;;-3542283085;-7166971385;;;0;;;0
5225821;;Doce Ote / Tres 1/2 Sur;;-3543183116;-7164835811;;;0;;;0
5225822;;Dieciocho Ote / Ocho Sur;;-3543704117;-7164438307;;;0;;;0
5225844;;Calle 9 Nte / 6 Ote;;-3541574005;-7165723085;;;0;;;0
5225845;;Ocho Nte / 1 Ote;;-3541668655;-716636306;;;0;;;0
5225846;;1 Ote / Cinco Nte;;-3542013144;-7166466862;;;0;;;0
5225847;;32 Ote / Once Sur;;-3544683745;-7163169086;;;0;;;0
5225848;;32 Ote / Nueve Sur;;-3544402084;-7162995815;;;0;;;0
5225877;;Ocho Sur / Treinta y Cuatro y Medio Ote B;;-3544566406;-7162310243;;;0;;;0
5225878;;32 Ote / Ocho 1/2 Sur;;-3544317081;-7162929028;;;0;;;0
5225879;;Ocho Sur / Veintiséis y Medio Ote;;-3543907133;-71636087;;;0;;;0
5225880;;Dos Ote / Cuatro Nte;;-3542208333;-7166345358;;;0;;;0
5225881;;Dos Ote / Cinco Nte;;-3542071286;-716633597;;;0;;;0
5225882;;Av. 5 Pte / Veintiocho Sur;;-3544862919;-716820091;;;0;;;0
5225883;;Ignacio Carrera Pinto / Tres Pte;;-3544307467;-7167257309;;;0;;;0
5225884;;Manuel Rodríguez / Pje. Ilusión;;-3540938753;-7166257113;;;0;;;0
5225885;;Doce Nte / Lircay;;-3541292454;-7165338725;;;0;;;0
5225904;;30 Oriente / Nueve Sur;;-3544185751;-7163372397;;;0;;;0
5225905;;Ocho Sur / Catorce Ote;;-3543665218;-716456008;;;0;;;0
5225906;;Catorce Oriente / Siete Sur;;-3543613644;-7164601922;;;0;;;0
5226845;;Dos Norte / Tres Pte;;-3542438707;-7166887701;;;0;;;0
5226846;;Dos Nte / Cinco Pte;;-3542414883;-7167170942;;;0;;;0
5226922;;Sgto Candelaria / Pje América;;-3544130903;-7165945709;;;0;;;0
5226923;;Av. Isidoro del Solar / Cuatro Nte;;-3542223633;-7166992307;;;0;;;0
5226930;;21 Poniente / Veintisiete Sur;;-354422727;-7169840276;;;0;;;0
5226932;;Ruta 118;;-3540073452;-7163212001;;;0;;;0
5226933;;Carlos Schorr / Colín;;-3542926536;-7167481542;;;0;;;0
5235142;;Diecinueve 1/2 Pte;;-3544560943;-7169855833;;;0;;;0
5235194;;29 Sur / Trece Pte;;-3544710184;-7169231415;;;0;;;0
5235195;;29 Sur / Once 1/2 Pte;;-3544754322;-7169113934;;;0;;;0
5235196;;Colin / Siete 1/2 Pte;;-3544709747;-7168886214;;;0;;;0
5235220;;Circunvalación / 16 Ote;;-3541685486;-716374737;;;0;;;0
5235243;;14 Ote / Dieciséis Nte;;-3541538812;-7164017737;;;0;;;0
5235244;;14 Ote / Calle 9 Nte;;-3541863634;-7164378762;;;0;;;0
5235253;;28 Sur / Av. 10 Ote;;-3545940937;-7166055679;;;0;;;0
5235254;;9 Ote / 27 Sur;;-3545741469;-7166329265;;;0;;;0
5235255;;9 Ote / 26 Sur;;-3545617809;-71662606;;;0;;;0
5235256;;Catorce Sur / Carab Raúl Lucero;;-3544567935;-7165400952;;;0;;;0
5235257;;Diez Ote / Vice Sgto Pro Anselmo;;-3544302878;-7165317267;;;0;;;0
5235258;;Diez Ote / Mariano Latorre;;-3544086105;-7165245652;;;0;;;0
5235259;;Veinte Sur / Colin;;-3544031911;-716830042;;;0;;;0
5235261;;14 Pte / 28 Sur;;-3544598527;-7169268698;;;0;;;0
5235262;;14 Pte / Veintisiete Sur;;-3544458679;-7169191182;;;0;;;0
5235283;;K-620;;-3545465526;-7169160873;;;0;;;0
5235284;;K - 620;;-3545871244;-7169334948;;;0;;;0
5235326;;Catorce Sur / Pje. América;;-3544306592;-7165993989;;;0;;;0
5235327;;Circunvalación Norte / 21 1/2 Nte;;-3539993433;-7164513946;;;0;;;0
5235328;;Cinco 1/2 Ote D / Veintiuno 1/2 Nte B;;-3540127236;-7164678901;;;0;;;0
5235336;;Diez Nte / Camino Agua Potable;;-354244439;-7162690848;;;0;;;0
5235337;;23 Ote  / Villarrica;;-3542873865;-7163258672;;;0;;;0
5235475;;Madrid / San Juan;;-3543491481;-7167246044;;;0;;;0
5235486;;K-55 / 9 1/2 Nte C;;-3542989917;-7160655856;;;0;;;0
5235487;;K-55 / Cinco Nte;;-3543302661;-7160844415;;;0;;;0
5235488;;Av. San Miguel / Del Parque;;-3543649921;-716224131;;;0;;;0
5235491;;K-610;;-3545572802;-7169789046;;;0;;;0
5235492;;Catorce Sur / Cuatro 1/2 Pte C;;-3543792186;-716761592;;;0;;;0
5235493;;Catorce Sur / Circunvalación Sur;;-3544020767;-716704461;;;0;;;0
5235494;;Circunvalación Sur / Piduco;;-3543579989;-7166966826;;;0;;;0
5235501;;Av. San Miguel / Uno Sur;;-3543937508;-7161388099;;;0;;;0
5235502;;K-55 / 9 Nte;;-3543104438;-716071111;;;0;;;0
5235503;;K-55 / Calle 9 1/2 Nte C;;-35429532;-7160616159;;;0;;;0
5235513;;Cruce Panamericana Sur;;-3536362846;-715860343;;;0;;;0
5235514;;Panamericana Sur km 278;;-3538322455;-7160478294;;;0;;;0
5235515;;Panguilemo I;;-3536515301;-7159155428;;;0;;;0
5235516;;Panguilemo II;;-353640878;-7159022391;;;0;;;0
5240952;;K-610 / Parada 2;;-3546144988;-7172530264;;;0;;;0
5241338;;I - Nueve Oriente / Veintidós Sur O;;-35450434;-7166045219;;;0;;;0
5241339;;I - Nueve Oriente / Dieciocho Sur;;-3544938739;-7166064262;;;0;;;0
5241340;;I - Nueve Oriente / Catorce Sur;;-3544436609;-7165757149;;;0;;;0
5241341;;I - Catorce Sur / Pje Siete;;-3544175044;-7165832251;;;0;;;0
5241342;;I - 1 Pte / Uno Sur;;-354277005;-7166672587;;;0;;;0
5241343;;I - Cuatro Oriente / Once Nte;;-3541332895;-7165988088;;;0;;;0
5241344;;I - Cuatro Oriente / Pje Doce 1/2 Nte;;-3540893501;-7165928811;;;0;;;0
5241345;;I - 4 Ote / Trece Nte;;-3540725825;-7165710747;;;0;;;0
5241346;;I - Trece Nte / Cinco Ote;;-3540811521;-7165596485;;;0;;;0
5241347;;I - Cinco Ote / Pje Germán Riesco;;-3540614331;-7165419996;;;0;;;0
5241348;;I - Cinco Ote / Catorce Nte;;-3540522074;-7165360987;;;0;;;0
5241349;;I - Cinco Ote / Dieciocho 1/2 Norte;;-3540300827;-7165297151;;;0;;;0
5241350;;I - Cinco Oriente;;-3539856566;-7165183961;;;0;;;0
5241351;;I - Carretera Acceso Norte / 5 Ote;;-3539671596;-7165116906;;;0;;;0
5241352;;I - Carretera Acceso Norte / Cinco 1/2 Oriente B;;-3539758616;-7164729059;;;0;;;0
5241357;;I - Carretera Acceso Norte;;-3539788351;-7164605945;;;0;;;0
5241358;;I - Don Gonzalo;;-3539633334;-7164533257;;;0;;;0
5241359;;I - Don Gonzalo / Calle Central;;-3539605566;-7164528966;;;0;;;0
5241360;;I - Circunvalación Nte / 5 1/2 Oriente G;;-3539502365;-7164980114;;;0;;;0
5241361;;I - Cruce Av. Lircay-Av. Circunvalación / 21 Nte;;-3539523355;-7165118515;;;0;;;0
5241362;;I - Cinco Ote / Diecinueve Nte B;;-3540176646;-7165266305;;;0;;;0
5241363;;I - Cinco Ote / Manuel Montt;;-3540643625;-7165456474;;;0;;;0
5241364;;I - Trece Nte / 4 Ote;;-3540730197;-7165688753;;;0;;;0
5241365;;I - Tres Ote / 9 Nte;;-3541525915;-7166149288;;;0;;;0
5241366;;I - Tres Ote / Siete Nte;;-3541774451;-7166175842;;;0;;;0
5241367;;I - Nueve Ote / Diez Sur;;-3543817317;-716546452;;;0;;;0
5241368;;I - Once 1/2 Sur / Pje Sto Domingo;;-3543973565;-716559273;;;0;;;0
5241369;;I - Cost / Siete Ote;;-3543846163;-7165815353;;;0;;;0
5241370;;I - Cinco 1/2 Ote / El Arroyo;;-3544163681;-7166157871;;;0;;;0
5241371;;I - Trece Sur / Pje América;;-3544127188;-7165974677;;;0;;;0
5241372;;I - Catorce Sur / Pje Veintitrés;;-3544173296;-7165852904;;;0;;;0
5241373;;I - Catorce Sur / Inés de Suarez;;-3544243441;-7165695727;;;0;;;0
5241374;;I - Inés de Suárez / Amira;;-3544297852;-7165669978;;;0;;;0
5241375;;I - Nueve Oriente / Veintidós Sur O;;-3545047114;-7166051656;;;0;;;0
5241376;;I - 9 Oriente / 24 Sur;;-3545312803;-7166096985;;;0;;;0
5241377;;I - 24 Sur / 9 Ote A;;-3545356719;-7166039586;;;0;;;0
5241378;;I - 24 Sur / 9 Ote D;;-3545411559;-7165897965;;;0;;;0
5241379;;I - 24 Sur / 10 Ote;;-3545442148;-7165814281;;;0;;;0
5241380;;I - Ruta 118;;-3539863125;-7162619233;;;0;;;0
5241381;;I - Once Ote / Uno Sur;;-3542798025;-7165034831;;;0;;;0
5241382;;I - Veintisiete Sur / 21 Pte;;-3544218529;-7169813186;;;0;;;0
5241383;;I - Veintisiete Sur / Pje Diecinueve Pte;;-3544271848;-7169684708;;;0;;;0
5241384;;I - Veintisiete Sur / Dieciocho Pte;;-354429807;-716955328;;;0;;;0
5241385;;I - Panamericana Sur / Parada I;;-3536468712;-7158675849;;;0;;;0
5241386;;I - Panamericana Sur / Panguilemo;;-3536536955;-7158740759;;;0;;;0
5241387;;I - Panamericana Sur / Parada II;;-3537618931;-715986219;;;0;;;0
5241388;;I - Panamericana Sur / Parada III;;-3539159955;-7161265254;;;0;;;0
5241389;;I - Panamericana Sur / Parada IV;;-3539311264;-7161411703;;;0;;;0
5241390;;I - Cancha Rayada / Diez Ote;;-3542094455;-7165089816;;;0;;;0
5241391;;I - Veintisiete Sur / Trece Pte;;-3544463268;-7169115812;;;0;;;0
5241392;;I - Cancha Rayada / Ocho Nte;;-3541758931;-7165367961;;;0;;;0
5241394;;I - Veintinueve Sur / Diecisiete Pte;;-3544575364;-716958198;;;0;;;0
5241395;;I - Veintinueve Sur / Dieciséis Pte;;-3544598308;-7169510365;;;0;;;0
5241396;;I - Catorce Oriente / Cinco Nte;;-3542279806;-7164549619;;;0;;;0
5241397;;I - Catorce Oriente / Seis Nte;;-3542152159;-7164499462;;;0;;;0
5241398;;I - Catorce Oriente / 9 Nte;;-3541847896;-7164362401;;;0;;;0
5241399;;I - Catorce Oriente / Doce Nte A;;-3541693574;-7164199054;;;0;;;0
5241400;;I - Av. 21 Nte / 23 Ote;;-3541101396;-7162414312;;;0;;;0
5241401;;I - Bicentenario / Parada I;;-3541310379;-7161759317;;;0;;;0
5241402;;I - Bicentenario / Parada II;;-3541282399;-716168046;;;0;;;0
5241403;;I - Bicentenario / Parada III;;-3541252232;-7161699235;;;0;;;0
5241404;;I - Bicentenario / Parada IV;;-3541257478;-7161837637;;;0;;;0
5241405;;I - Circunvalación / Veinte Ote;;-3541916749;-7163407266;;;0;;;0
5241406;;I - Dos Norte / Once Ote;;-3542622302;-7164952219;;;0;;;0
5241407;;I - Carlos Schorr / El Arenal;;-354288217;-7167188644;;;0;;;0
5241408;;I - Unihue / Yerbas Buenas;;-3545634414;-7168514729;;;0;;;0
5241409;;I - Unihue / Av. Duao;;-3545411996;-7168380082;;;0;;;0
5241410;;I - Once Ote / Diez Sur;;-3543851189;-7165148556;;;0;;;0
5241411;;I - Diez Ote / Stgo II Beroiza;;-3544080424;-7165255845;;;0;;;0
5241412;;I - Diez Oriente / Guacolda;;-354427163;-7165318877;;;0;;;0
5241413;;I - Diez Oriente / Amira;;-3544428743;-7165368229;;;0;;;0
5241414;;I - Diez Ote / Pje 34;;-3544498012;-7165419728;;;0;;;0
5241415;;I - Once Ote / Rebeca Matte;;-354470494;-7165184498;;;0;;;0
5241416;;I - Once Oriente / Pje Stgo Aldea;;-3544782291;-7165201128;;;0;;;0
5241417;;I - Dieciséis Sur / Pje Diez 1/2 Ote;;-3544818781;-7165352941;;;0;;;0
5241418;;I - Nueve Oriente / Diecisiete Sur;;-354479409;-7165999353;;;0;;;0
5241419;;I - 9 Ote / 25 Sur;;-3545441274;-7166172624;;;0;;;0
5241420;;I - 9 Ote / 27 Sur;;-3545728579;-7166341603;;;0;;;0
5241421;;I - 9 Ote / 28 Sur;;-3545806138;-7166385859;;;0;;;0
5241422;;I - 28 Sur / 10 1/2 Ote;;-3545998395;-7165928543;;;0;;;0
5241423;;I - 10 1/2 Ote / 29 Sur;;-3546108941;-7165984601;;;0;;;0
5241424;;I - 29 Sur / 9 1/2 Ote;;-3546001454;-7166287422;;;0;;;0
5241425;;I - 29 Sur;;-3545872118;-716661787;;;0;;;0
5244247;;I - 13 Ote / Parada I;;-354089831;-7163627744;;;0;;;0
5244248;;I - 13 Ote / Parada II;;-35409816;-7163794041;;;0;;;0
5244249;;I - 13 Ote / Parada III;;-3541129596;-7164056629;;;0;;;0
5244250;;I - Once Ote / Parada I;;-3541028382;-7164169014;;;0;;;0
5244251;;I - Diez Nte / Once Ote;;-3541567447;-7164888382;;;0;;;0
5244252;;I - Cinco Ote / Diez Nte;;-3541445691;-7165880799;;;0;;;0
5244253;;I - Cinco Ote / Seis Nte;;-3541946039;-7165923446;;;0;;;0
5244254;;I - Cinco Sur / Dieciocho Ote;;-3543413462;-7164230168;;;0;;;0
5244255;;I - Catorce Ote / Once Sur;;-3543944938;-7164689362;;;0;;;0
5244256;;I - Catorce Sur / Pje Ángel Cruchaga;;-3544711058;-7165045559;;;0;;;0
5244262;;I - Ocho Ote / Siete Nte;;-3541873251;-7165487051;;;0;;;0
5244263;;I - Trece 1/2 Ote B / Trece 1/2 Ote A;;-3541524822;-7164397806;;;0;;;0
5244264;;I - Doce Nte / Trece Nte;;-3541341202;-7164253503;;;0;;;0
5244265;;I - Calle 13 Ote / Parada I;;-3541146866;-7164062262;;;0;;;0
5244266;;I - Catorce Ote / Parada II;;-3541249171;-7163975358;;;0;;;0
5244267;;I - Trece 1/2 Ote / Parada II;;-3541079098;-7163654029;;;0;;;0
5244270;;I - 1 Ote / Siete Nte;;-3541772921;-7166444063;;;0;;;0
5244271;;I - Dieciocho Ote / Tres Sur;;-354313875;-7164017737;;;0;;;0
5244272;;I - Ocho Sur / Los Liros;;-3544024263;-7163420677;;;0;;;0
5244273;;I - Ocho Sur / 31 Ote;;-3544177448;-7163115174;;;0;;;0
5244274;;I - 31 Ote / Nueve 1/2 Sur;;-3544345707;-716322273;;;0;;;0
5244275;;I - Ocho Sur / Pje Treinta y Cuatro Ote A;;-3544516148;-7162435234;;;0;;;0
5244280;;I - Dos Ote / Ocho Nte;;-3541692262;-7166293591;;;0;;;0
5244285;;I - Diez Sur / 30 Ote;;-354434964;-7163463861;;;0;;;0
5244286;;I - Catorce Ote / Cuatro Sur;;-3543293263;-7164573759;;;0;;;0
5244287;;I - 1 Ote / Doce Sur;;-3544035845;-7166668564;;;0;;;0
5244288;;I - 1 Ote / Dieciséis Sur;;-3544301567;-7166692168;;;0;;;0
5244289;;I - Dieciocho Sur / Andrés Bello;;-3544746456;-7166525602;;;0;;;0
5244290;;I - Andrés Bello / Veintiuno Sur;;-3544893728;-716661787;;;0;;;0
5244291;;I - 5 Ote / 25 Sur;;-3545088192;-7166698337;;;0;;;0
5244292;;I - 25 Sur / 1 Ote;;-3545036626;-7167104959;;;0;;;0
5244293;;I - 25 Sur / Tres Pte;;-3544786661;-7167530358;;;0;;;0
5244294;;I - Tres Pte / 25 Sur B;;-3544874936;-7167608142;;;0;;;0
5244298;;I - Arturo Prat / Av. 5 Pte;;-354497348;-7168192863;;;0;;;0
5244299;;I - Cuatro 1/2 Pte C / Veintiséis Sur;;-3544697948;-716815263;;;0;;;0
5244300;;I - Veintiséis Sur / Cuatro 1/2 Pte B;;-3544787972;-7167984188;;;0;;;0
5244314;;I - 4 Pte / 25 Sur B;;-3544944857;-71676355;;;0;;;0
5244315;;I - 25 Sur / Av. 1 1/2 Pte;;-3544843472;-7167418778;;;0;;;0
5244316;;I - 25 Sur / 3 1/2 Ote A;;-354508841;-7166976213;;;0;;;0
5244317;;I - Andrés Bello / Veintidós Sur O;;-3544916452;-7166618943;;;0;;;0
5244318;;I - Dieciocho Sur / Diego Portales;;-3544720672;-7166581392;;;0;;;0
5244319;;I - Cinco Sur / Catorce Ote;;-3543378495;-7164604604;;;0;;;0
5244343;;I - Diecinueve Ote / Ocho Sur;;-3543733838;-7164149702;;;0;;;0
5244344;;I - Diez Sur / 31 Ote;;-3544429617;-7163294613;;;0;;;0
5244345;;I - Diez Sur / Treinta y Tres Ote;;-3544612293;-7162900865;;;0;;;0
5244346;;I - Diez Sur A / Pje Treinta y Tres Ote B;;-3544639825;-7162777483;;;0;;;0
5244347;;I - Diez Sur A / Pje Treinta y Tres Ote A;;-3544681778;-7162697554;;;0;;;0
5244348;;I - Diez Sur A / Pjr Treinta y Cinco Ote;;-3544753448;-7162544399;;;0;;;0
5244350;;I - 21 Pte / Veinticinco Sur;;-3544001755;-7169636428;;;0;;;0
5244351;;I - 21 Pte / Veintiseis Sur C;;-3543900795;-7169548452;;;0;;;0
5244352;;I - Dieciocho 1/2 Pte / Veintidós Sur;;-3543744327;-7169422388;;;0;;;0
5244353;;I - Dieciocho Pte B / Veintidós Sur;;-3543639431;-7169364989;;;0;;;0
5244354;;I - Veintidos Sur / Dieciocho Pte;;-3543677456;-7169237852;;;0;;;0
5244369;;I - Quince Ote / Siete Sur;;-3543569936;-7164494097;;;0;;;0
5244370;;I - Treinta y Dos Ote / Pje Seis y Medio Sur C;;-3544128062;-7162796259;;;0;;;0
5244371;;I - Treinta y Dos Ote / Pje Seis y Medio Sur;;-3544052016;-716273886;;;0;;;0
5244372;;I - Treinta y Dos Ote / Pje Cinco Sur B;;-3543954335;-7162676901;;;0;;;0
5244380;;I - Treinta y Dos Ote / Pje Cinco y Medio Sur;;-3543967009;-7162695408;;;0;;;0
5244381;;I - Treinta y Dos Ote / Ocho Sur;;-3544247811;-71628896;;;0;;;0
5244382;;I - Ocho Sur / Treinta 1/2 Ote;;-3544150351;-7163131535;;;0;;;0
5244400;;I - Diecinueve Sur / Trece Pte;;-3543752195;-7168570518;;;0;;;0
5244401;;I - Diecinueve Sur / Dieciséis Pte;;-354363506;-7168755054;;;0;;;0
5244402;;I - Diecisiete Poniente / Veintiuno 1/2 Sur;;-3543735586;-7169063777;;;0;;;0
5244404;;I - Veintiuno 1/2 Sur / Dieciocho Pte;;-3543680079;-7169214785;;;0;;;0
5244405;;I - Dieciocho 1/2 Pte / Veintiséis Sur;;-3543753287;-7169430971;;;0;;;0
5244406;;I - 21 Pte / Veintiséis Sur C;;-3543872824;-7169529676;;;0;;;0
5244407;;I - 21 Pte / 25 Sur;;-3543974658;-7169626236;;;0;;;0
5244408;;I - 21 Pte / Veintiséis 1/2 Sur;;-3544071246;-7169707239;;;0;;;0
5244412;;I - Siete Ote / Trece Nte;;-3540996902;-7165248871;;;0;;;0
5244413;;I - Siete Oriente / Manuel Montt;;-3540827043;-7165116638;;;0;;;0
5244415;;I - Catorce Nte / 6 Ote;;-3540526883;-7165297151;;;0;;;0
5244417;;I - Cinco Ote / Diecinueve Nte C;;-3540225182;-7165276766;;;0;;;0
5244420;;I - Circ. Nte / Parada I;;-3539815899;-7164730132;;;0;;;0
5244422;;I - Carretera Acceso Norte / Parada I;;-3539706579;-716496402;;;0;;;0
5244423;;I - Cruce Av. Lircay-Av.Circunvalación Sur / Parada II;;-353953385;-7165104032;;;0;;;0
5244425;;I - Pje 24 Nte / Parada I;;-3539435021;-7165400147;;;0;;;0
5244426;;I - Pje 24 Nte / Parada II;;-3539329631;-7165266573;;;0;;;0
5244429;;I - Carretera Acceso Nte / Parada I;;-353973063;-7164895892;;;0;;;0
5244430;;I - Catorce Nte / Joaquín Prieto;;-3540575854;-7165260136;;;0;;;0
5244431;;I - Siete Ote / Ramón Freire;;-3540831634;-7165128708;;;0;;;0
5244432;;I - Siete Ote / Domingo Sta María;;-354089984;-7165180206;;;0;;;0
5244434;;I - Cinco Ote / Pje Argentina;;-3543540215;-7166075528;;;0;;;0
5244435;;I - Cost / 6 Ote;;-3543725097;-7166001499;;;0;;;0
5244436;;I - Cinco Ote / Catorce Sur;;-3544145544;-7166295469;;;0;;;0
5244437;;I - Catorce Sur / 6 Ote;;-3544213285;-716621232;;;0;;;0
5244438;;I - Catorce Sur / Nueve Ote;;-3544406454;-7165781021;;;0;;;0
5244444;;I - Veinticinco Ote / Cuatro Nte;;-3542840862;-7162894964;;;0;;;0
5244445;;I - Sta Rosa / Jaime;;-3543211527;-7167449892;;;0;;;0
5244446;;I - Madrid / Catorce Sur;;-3543882002;-7167408586;;;0;;;0
5244447;;I - Cuatro Pte / Ignacio Carrera Pinto;;-3544177447;-7167525798;;;0;;;0
5244448;;I - Diecinueve Sur / Cinco Pte;;-3544082172;-7167755127;;;0;;;0
5244449;;I - Cinco Pte / Veinte Sur;;-3544210226;-7167873144;;;0;;;0
5244450;;I - Cinco Pte / Veinticuatro 1/2 Sur;;-3544518552;-7168017715;;;0;;;0
5244451;;I - Av. 5 Pte / 33 Sur;;-3545102394;-7168232292;;;0;;;0
5244452;;I - Av. 5 Pte / Provincia de Talca;;-3545568432;-7168243289;;;0;;;0
5244453;;I - Av. 5 Pte / Curepto;;-354559902;-7168233633;;;0;;;0
5244454;;I - Av. 5 Pte / Av. Duao;;-3545444333;-7168230414;;;0;;;0
5244455;;I - Veintiséis Sur C / Pje Cuatro Pte B;;-354449386;-7167842031;;;0;;;0
5244457;;I - Diag. Camino Al Agua Potable / Av. Circ Ote;;-3542434117;-7162551373;;;0;;;0
5244460;;I - Camino Las Rastras / Tricahue;;-3543500441;-7160971284;;;0;;;0
5244461;;I - Av. San Miguel;;-3543798086;-7161788821;;;0;;;0
5244462;;I - El Arenal / Dos Pte;;-3543197977;-7167013228;;;0;;;0
5244463;;I - El Arenal / Santander;;-354334178;-716687429;;;0;;;0
5244464;;I - Barcelona / Lugo;;-3543421767;-7166817427;;;0;;;0
5244465;;I - Barcelona / Piduco;;-3543526666;-7166938126;;;0;;;0
5244466;;I - Circunvalación Sur / Pje Castilla;;-3543786723;-7167052925;;;0;;;0
5244467;;I - Circunvalación Sur / Pje Alicante;;-3543930515;-7167029053;;;0;;;0
5244468;;I - Circunvalación Sur / Catorce Sur;;-3544003503;-7167010546;;;0;;;0
5244469;;I - Catorce Sur / Pje Sta Cruz;;-3543982088;-7167152166;;;0;;;0
5244470;;I - Catorce Sur / Madrid;;-354390757;-7167395711;;;0;;;0
5244471;;I - Catorce Sur / Cuatro 1/2 Pte D;;-3543794153;-7167590976;;;0;;;0
5244472;;I - Catorce Sur / Cinco Pte;;-3543730778;-7167703092;;;0;;;0
5244473;;I - K-610 / Principal;;-3545665438;-7170342654;;;0;;;0
5244474;;I - Principal / Obispo Manuel Larrain;;-3545831481;-7170332193;;;0;;;0
5244475;;I - Principal / Calle Juan Pablo II;;-3545931106;-7170317173;;;0;;;0
5244476;;I - Calle Juan Pablo II / Pasaje 25;;-3545919308;-7170598805;;;0;;;0
5244478;;I - K-610 / Obispo Manuel Larrain;;-3545725738;-7170880437;;;0;;;0
5244480;;I - El Arenal / Dos Pte;;-3543230322;-7166989625;;;0;;;0
5244481;;I - El Arenal / Bernardo O´Higgins;;-3543040184;-7167109251;;;0;;;0
5244482;;I - Av. San Miguel / Veinticinco y Medio Ote;;-3543318614;-7163361669;;;0;;;0
5244484;;I - K-610 / Carlos González;;-3545702579;-7170647621;;;0;;;0
5244485;;I - K-610 / Parada I;;-3545852018;-7171634674;;;0;;;0
5244486;;I - K-610 / Parada II;;-3546485135;-7173090041;;;0;;;0
5244487;;I - K-610 / Parada III;;-3546933399;-7173778832;;;0;;;0
5244488;;I - K-614 / K-610;;-3547128032;-7174652427;;;0;;;0
5244489;;I - K-614 / Parada IV;;-3547604001;-717468971;;;0;;;0
5244490;;I - K-614 / Parada V;;-3547922899;-7174727261;;;0;;;0
5244491;;I - K-614 / Parada VI;;-3548062686;-7174744427;;;0;;;0
5244492;;I - K-614 / Parada VII;;-3548122969;-7174751937;;;0;;;0
5244493;;I - K-614 / Parada VIII;;-3548617442;-7174795926;;;0;;;0
5244494;;I - K-614 / Parada IX;;-3548634478;-7174629092;;;0;;;0
5244495;;I - K-614 / Parada X;;-3548547117;-7174619973;;;0;;;0
5244496;;I - K-614 / Parada XI;;-3548054823;-717481792;;;0;;;0
5244497;;I - K-614 / Parada XII;;-3548318228;-7175392449;;;0;;;0
5244498;;I - K-614 / Parada XIII;;-3548473297;-7175607562;;;0;;;0
5244499;;I - Quernel / Paradero 1;;-3548227807;-717525512;;;0;;;0
5244500;;I - K-614 / Parada 2;;-3547623659;-7174684346;;;0;;;0
5244501;;I - Av. San Miguel / Parada1;;-3543807265;-7161811352;;;0;;;0
5244582;;I - Veintiséis Sur / Cinco Pte A;;-3544640262;-716820842;;;0;;;0
5244583;;I - 1 Ote / Once Sur;;-3544010496;-716665864;;;0;;;0
5244584;;I - 1 Ote / Dos Ote;;-3543637246;-7166627526;;;0;;;0
5244585;;I - Manuel Rodríguez / Pje Uno de Mayo;;-3540809772;-7166191399;;;0;;;0
5244587;;I - 1 Ote / Piduco;;-3543580426;-7166621089;;;0;;;0
5244588;;I - Cuatro Pte / Diecinueve Sur;;-3544168925;-7167530626;;;0;;;0
5244589;;I - Veintiséis Sur / Cinco Pte;;-3544624092;-7168255627;;;0;;;0
5259313;;Esmeralda;;-3544206647;-7160979134;;;0;;;0
5259314;;Iansa;;-3544425588;-7160668375;;;0;;;0
5259315;;Alto Las Cruces;;-3544716132;-7160275958;;;0;;;0
5259316;;Colegio Ingles;;-3545006599;-7159694316;;;0;;;0
5259317;;Escuela Iberia;;-3545313031;-7158869043;;;0;;;0
5259318;;Huilquilemu;;-3545621533;-7158133513;;;0;;;0
5259319;;Escuela Huilquilemu;;-3546047936;-7157768102;;;0;;;0
5259320;;Villa Cultural Huilquilemu;;-3546134582;-7157692832;;;0;;;0
5259321;;Santa Filomena;;-3546480154;-7157286561;;;0;;;0
5259322;;Jardin Las Flores;;-3546719979;-7156893569;;;0;;;0
5259323;;Mercedes;;-3546906415;-7156591453;;;0;;;0
5259324;;Poblacion Purisima;;-3547353882;-7155856728;;;0;;;0
5259325;;Cruce Chequen;;-3547878357;-7155243572;;;0;;;0
5259326;;El Porvenir;;-3548161528;-7154929762;;;0;;;0
5259327;;Marina Vistoso;;-3548324051;-7154751477;;;0;;;0
5259328;;Cruce Duao;;-3548864527;-7154158708;;;0;;;0
5259329;;Flor del Llano;;-3549568738;-7153382778;;;0;;;0
5259330;;Aurora;;-3549877951;-7152979374;;;0;;;0
5259331;;Chile Nuevo;;-3552029005;-7151271343;;;0;;;0
5259332;;Estadio San Clemente;;-3552317166;-7150924802;;;0;;;0
5259333;;Cruce Ramadilla;;-3552507521;-7150684476;;;0;;;0
5259334;;Cementerio San Clemente;;-3552688267;-7150449514;;;0;;;0
5259335;;Villa Conavicoop;;-3552841942;-7150251031;;;0;;;0
5259336;;Canal Maule;;-3553178968;-7149809003;;;0;;;0
5259337;;Copec;;-3553443514;-7149380922;;;0;;;0
5259338;;Paseo La Concepción;;-355355614;-7149116993;;;0;;;0
5259339;;Humberto Silva;;-3553175475;-7148930311;;;0;;;0
5259340;;Humberto Silva;;-3553273262;-7148765087;;;0;;;0
5259341;;Humberto Silva;;-3553109119;-7148625612;;;0;;;0
5259342;;Ignacio carrera Pinto;;-3553028792;-7148554802;;;0;;;0
5259343;;Clomodoro Silva;;-3553173729;-7148320913;;;0;;;0
5259344;;Alberto Torres;;-3553346602;-7148305893;;;0;;;0
5259345;;Los Nogales;;-3553514233;-7148271561;;;0;;;0
5259346;;Plaza de San Clemente;;-3553762181;-7148507595;;;0;;;0
5259347;;Silvestre Urizar;;-3553861707;-7148678184;;;0;;;0
5259348;;Centro;;-3553902739;-7148679256;;;0;;;0
5259349;;Unimarc;;-3553972581;-7148576796;;;0;;;0
5259350;;Los Canelos;;-3554141072;-7148334324;;;0;;;0
5259351;;San Maximo;;-3554242776;-7148171246;;;0;;;0
5259358;;San Maximo;;-3554237102;-7148152471;;;0;;;0
5259359;;San Maximo;;-3554129723;-7148317695;;;0;;;0
5259360;;Unimarc;;-3553954248;-7148565531;;;0;;;0
5259361;;Alejandro Cruz;;-3553845992;-7148728609;;;0;;;0
5259362;;PLaza de Armas;;-3553714163;-7148629904;;;0;;;0
5259363;;Los Nogales;;-3553726386;-7148452878;;;0;;;0
5259364;;Colegio Paula Montal;;-3553722021;-7148277998;;;0;;;0
5259365;;Alberto Torres;;-3553543044;-7148117065;;;0;;;0
5259366;;Los Nogales;;-3553441768;-7148206115;;;0;;;0
5259367;;Clomodoro Silva;;-3553261912;-7148387432;;;0;;;0
5259368;;Armando Ramirez;;-3553376287;-7148511887;;;0;;;0
5259369;;Carlos Silva;;-3553626858;-7148745775;;;0;;;0
5259370;;Humachuco;;-3553751704;-7148850918;;;0;;;0
5259371;;Paseo La Concepcion;;-3553608524;-714906013;;;0;;;0
5259372;;Copec;;-3553423433;-7149370193;;;0;;;0
5259373;;Canal Maule;;-3553156267;-7149802566;;;0;;;0
5259374;;Villa Conavicoop;;-3552826225;-7150232792;;;0;;;0
5259375;;Cementerio Parroquial;;-3552667312;-7150439858;;;0;;;0
5259376;;Canal Maule;;-3552493551;-7150671601;;;0;;;0
5259377;;Estadio San Clemente;;-3552301449;-7150910854;;;0;;;0
5259378;;Chile Nuevo;;-3552008921;-715126276;;;0;;;0
5259379;;Aurora;;-3549857861;-7152961135;;;0;;;0
5259380;;Flor del Llano;;-3549551268;-7153365612;;;0;;;0
5259382;;Marina Vistoso;;-3548312207;-7154750052;;;0;;;0
5259383;;Porvenir;;-3548150036;-7154927167;;;0;;;0
5259384;;Cruce Chequen;;-3547842097;-7155248883;;;0;;;0
5259385;;Poblacion Purisima;;-354735123;-7155820226;;;0;;;0
5259386;;Mercedes;;-3546910655;-7156529902;;;0;;;0
5259387;;Parque Las Flores;;-3546678285;-7156928322;;;0;;;0
5259388;;Huilquilemu 1;;-3546561568;-7157119235;;;0;;;0
5259389;;Huilquilemu 2;;-3546264015;-7157557156;;;0;;;0
5259390;;Villa Cultural Huilquilemu;;-3546139499;-715766594;;;0;;;0
5259391;;Huilquilemu 3;;-3545990222;-7157789487;;;0;;;0
5259392;;Huilquilemu 4;;-3545628559;-7158109345;;;0;;;0
5259393;;La Obra;;-3545347169;-715867925;;;0;;;0
5259394;;Escuela El Sauce;;-3545288082;-7158882498;;;0;;;0
5259395;;Colegio Ingles;;-3545004332;-7159669764;;;0;;;0
5259396;;Iansa;;-3544383549;-7160693033;;;0;;;0
5259397;;Esmeralda;;-3544163181;-7161018982;;;0;;;0
5259398;;Cruce Las Rastras;;-3543944295;-7161296286;;;0;;;0
5259399;;John Kennedy;;-3553332633;-7148247957;;;0;;;0
5259400;;Cruce Acceso By pass;;-355318246;-7148125648;;;0;;;0
5261841;;Estación Colín;;-3547664287;-7174417734;;;0;;;0
5261842;;Estación Rauquén;;-3545438215;-7178107381;;;0;;;0
5261848;;Estación Pocoa;;-3544739464;-7182243079;;;0;;;0
5261849;;Estaciòn Corinto;;-3544640699;-7187233329;;;0;;;0
5261850;;Estación El Morro;;-3546512661;-7189268589;;;0;;;0
5261851;;Estación Curtiduría;;-3546198076;-7193066597;;;0;;;0
5261852;;Estación Los Llocos;;-3545455257;-7196285248;;;0;;;0
5261853;;Estción El Tricahue;;-3546149139;-7197411776;;;0;;;0
5261856;;Estación El Peumo;;-3545308433;-7198724985;;;0;;;0
5261859;;Estación González Bastías;;-3544520081;-7202415705;;;0;;;0
5261861;;Estación Toconey;;-3542338165;-7205672979;;;0;;;0
5261863;;Estación Pichamán;;-354352011;-7210211277;;;0;;;0
5261865;;Estación Romeros;;-3543074278;-7212756157;;;0;;;0
5261867;;Estación Forel;;-3541252232;-721984148;;;0;;;0
5261869;;Estación Huinganes;;-3541530287;-7223199606;;;0;;;0
5261871;;Estación Los Digueñes;;-3542075876;-7227100611;;;0;;;0
5261872;;Estación Maquehua;;-3538859514;-7228851557;;;0;;;0
5261876;;Estación Rancho Astillero;;-3536754806;-7233780384;;;0;;;0
5261877;;Estación Constitución;;-3533615531;-7240423679;;;0;;;0
